tweet,target,q1_from_reading_the_tweet_which_of_the_options_below_is_most_likely_to_be_true_about_the_stance_or_outlook_of_the_tweeter_towards_the_target,q1_from_reading_the_tweet_which_of_the_options_below_is_most_likely_to_be_true_about_the_stance_or_outlook_of_the_tweeter_towards_the_target_confidence,AdjustedScore
#YesAllWomen maybe if #TravisAlexander committed #violenceagainstwomen he'd be alive today #JodiArias,Feminist Movement,"AGAINST: We can infer from the tweet that the tweeter is against the target (e.g., directly or indirectly by opposing or criticizing someone/something, by supporting someone/something opposed to the target, or by echoing the stance of somebody else).",0.3751,-0.3751
"Not me though, I do approach. One life.",Feminist Movement,"AGAINST: We can infer from the tweet that the tweeter is against the target (e.g., directly or indirectly by opposing or criticizing someone/something, by supporting someone/something opposed to the target, or by echoing the stance of somebody else).",0.3756,-0.3756
"Apparently this year is the Year of the Woman. You know, we would have given you two if you'd asked.",Feminist Movement,"AGAINST: We can infer from the tweet that the tweeter is against the target (e.g., directly or indirectly by opposing or criticizing someone/something, by supporting someone/something opposed to the target, or by echoing the stance of somebody else).",0.3824,-0.3824
@KellyHollon44 #HilaryClinton married to a serial violent sex offender & cocaine trafficker? Go corporate,Feminist Movement,"AGAINST: We can infer from the tweet that the tweeter is against the target (e.g., directly or indirectly by opposing or criticizing someone/something, by supporting someone/something opposed to the target, or by echoing the stance of somebody else).",0.3871,-0.3871
"The closest gender study graduate would ever come to studying computer science..  ..is by uttering the word ""binary""",Feminist Movement,"AGAINST: We can infer from the tweet that the tweeter is against the target (e.g., directly or indirectly by opposing or criticizing someone/something, by supporting someone/something opposed to the target, or by echoing the stance of somebody else).",0.3904,-0.3904
"@MezzoMiller @fakedansavage roid rage, women doping to look like machismo boy/men #misogyny",Feminist Movement,"AGAINST: We can infer from the tweet that the tweeter is against the target (e.g., directly or indirectly by opposing or criticizing someone/something, by supporting someone/something opposed to the target, or by echoing the stance of somebody else).",0.4884,-0.4884
"@narendramodi whn men bring some property,wife bring some, u call that wrong?, u brand it as dowry?",Feminist Movement,"AGAINST: We can infer from the tweet that the tweeter is against the target (e.g., directly or indirectly by opposing or criticizing someone/something, by supporting someone/something opposed to the target, or by echoing the stance of somebody else).",0.4931,-0.4931
"If I pretend people are calling me ugly, I can post a selfie and brag about myself! Disagreement will equal misogyny!",Feminist Movement,"AGAINST: We can infer from the tweet that the tweeter is against the target (e.g., directly or indirectly by opposing or criticizing someone/something, by supporting someone/something opposed to the target, or by echoing the stance of somebody else).",0.4951,-0.4951
"@_sarcasmspasm @MT8_9 #KillAllMen, anyone? Oh sorry, that's ""ironic misandry"". Feminist comedy, ladies and gentlerapists.",Feminist Movement,"AGAINST: We can infer from the tweet that the tweeter is against the target (e.g., directly or indirectly by opposing or criticizing someone/something, by supporting someone/something opposed to the target, or by echoing the stance of somebody else).",0.4972,-0.4972
.@feminismvibes What rights do men have in your country that women lack?,Feminist Movement,"AGAINST: We can infer from the tweet that the tweeter is against the target (e.g., directly or indirectly by opposing or criticizing someone/something, by supporting someone/something opposed to the target, or by echoing the stance of somebody else).",0.4972,-0.4972
@CCriadoPerez is advocating vandalism now. Her hypocrisy is breathtaking. Calls cops for tweets applauds vandals. #menz,Feminist Movement,"AGAINST: We can infer from the tweet that the tweeter is against the target (e.g., directly or indirectly by opposing or criticizing someone/something, by supporting someone/something opposed to the target, or by echoing the stance of somebody else).",0.4976,-0.4976
Hey Joey why are u still working. Go find yourself one them career #feminist women. Hell find u 3 of them #dating  #everydaysexism,Feminist Movement,"AGAINST: We can infer from the tweet that the tweeter is against the target (e.g., directly or indirectly by opposing or criticizing someone/something, by supporting someone/something opposed to the target, or by echoing the stance of somebody else).",0.5001,-0.5001
".@TC_Stompa @cooImemegirl Condoms fail. Unplanned pregs happens. Either both parents get abortion rights, or neither,",Feminist Movement,"AGAINST: We can infer from the tweet that the tweeter is against the target (e.g., directly or indirectly by opposing or criticizing someone/something, by supporting someone/something opposed to the target, or by echoing the stance of somebody else).",0.5014,-0.5014
"Paul Henry's fucking right. Fem shouldn't be a selling point but a persons individual, genderless suitability to elect",Feminist Movement,"AGAINST: We can infer from the tweet that the tweeter is against the target (e.g., directly or indirectly by opposing or criticizing someone/something, by supporting someone/something opposed to the target, or by echoing the stance of somebody else).",0.5016,-0.5016
@UberFacts Where's the feminist outrage ? Too busy slagging of @ProteinWorld,Feminist Movement,"AGAINST: We can infer from the tweet that the tweeter is against the target (e.g., directly or indirectly by opposing or criticizing someone/something, by supporting someone/something opposed to the target, or by echoing the stance of somebody else).",0.5025,-0.5025
"@woolandbrick Well he is not guilty you idiot, the police dropped the investigation. #PaulNungesser #EmmaSulkowicz #feminazi",Feminist Movement,"AGAINST: We can infer from the tweet that the tweeter is against the target (e.g., directly or indirectly by opposing or criticizing someone/something, by supporting someone/something opposed to the target, or by echoing the stance of somebody else).",0.5052,-0.5052
MEN AND WOMEN ARE EQUAL BUT MEN ARE ALL RAPISTS OKAY,Feminist Movement,"AGAINST: We can infer from the tweet that the tweeter is against the target (e.g., directly or indirectly by opposing or criticizing someone/something, by supporting someone/something opposed to the target, or by echoing the stance of somebody else).",0.5094,-0.5094
@lynne_maybe ...as always I'm sure he's the scum bag man and she is just a sweet innocent victim.,Feminist Movement,"AGAINST: We can infer from the tweet that the tweeter is against the target (e.g., directly or indirectly by opposing or criticizing someone/something, by supporting someone/something opposed to the target, or by echoing the stance of somebody else).",0.5179,-0.5179
See #YesAllWomen held equally accountable/responsible for their actions and choices #bucketlist #HellWillFreezeOver,Feminist Movement,"AGAINST: We can infer from the tweet that the tweeter is against the target (e.g., directly or indirectly by opposing or criticizing someone/something, by supporting someone/something opposed to the target, or by echoing the stance of somebody else).",0.5182,-0.5182
Justin Bieber is a feminist too so you might wanna delete all your stupid tweets about --,Feminist Movement,"AGAINST: We can infer from the tweet that the tweeter is against the target (e.g., directly or indirectly by opposing or criticizing someone/something, by supporting someone/something opposed to the target, or by echoing the stance of somebody else).",0.5257,-0.5257
feminist: *says something about women to be treated as equal human beings*  some asshole: you're ugly  wow nice okay lmao,Feminist Movement,"AGAINST: We can infer from the tweet that the tweeter is against the target (e.g., directly or indirectly by opposing or criticizing someone/something, by supporting someone/something opposed to the target, or by echoing the stance of somebody else).",0.6093,-0.6093
"M: FEMINISTS NEED TO GROWA SENSE OF HUMOR W: Okay. (sips from ""Male Tears"" mug) M: AAIGH!  MISANDREEEEEEEEEEE  #YesAllWomen",Feminist Movement,"AGAINST: We can infer from the tweet that the tweeter is against the target (e.g., directly or indirectly by opposing or criticizing someone/something, by supporting someone/something opposed to the target, or by echoing the stance of somebody else).",0.6159,-0.6159
@thefemaleboook @MeninistTweet lmao at the fact you use a bunch of airbrushed fake ass celebrities,Feminist Movement,"AGAINST: We can infer from the tweet that the tweeter is against the target (e.g., directly or indirectly by opposing or criticizing someone/something, by supporting someone/something opposed to the target, or by echoing the stance of somebody else).",0.6244,-0.6244
@JahMMARastafari @Vosnic you're incredibly bigoted. From rape to homosexuality.  #mensrights,Feminist Movement,"AGAINST: We can infer from the tweet that the tweeter is against the target (e.g., directly or indirectly by opposing or criticizing someone/something, by supporting someone/something opposed to the target, or by echoing the stance of somebody else).",0.6244,-0.6244
"These SJWs are so homogenous and blur together so well it's like dealing with one giant,rainbow-headed monster. #GamerGate",Feminist Movement,"AGAINST: We can infer from the tweet that the tweeter is against the target (e.g., directly or indirectly by opposing or criticizing someone/something, by supporting someone/something opposed to the target, or by echoing the stance of somebody else).",0.6247,-0.6247
Radios r filled with feminist and rape propaganda. Feminism is alive n well in Malaysia. Their rape guilt tactics won't silence me,Feminist Movement,"AGAINST: We can infer from the tweet that the tweeter is against the target (e.g., directly or indirectly by opposing or criticizing someone/something, by supporting someone/something opposed to the target, or by echoing the stance of somebody else).",0.6247,-0.6247
".@brigadam @KlaraJoelsson Abortion is NOT suffering to women - why do you think it is? Do you hate abortion, feminist?",Feminist Movement,"AGAINST: We can infer from the tweet that the tweeter is against the target (e.g., directly or indirectly by opposing or criticizing someone/something, by supporting someone/something opposed to the target, or by echoing the stance of somebody else).",0.6271,-0.6271
@dancerlwt Have you considered changing your Twitter handle to vagina monologue?,Feminist Movement,"AGAINST: We can infer from the tweet that the tweeter is against the target (e.g., directly or indirectly by opposing or criticizing someone/something, by supporting someone/something opposed to the target, or by echoing the stance of somebody else).",0.6296,-0.6296
"If you're a feminist, stop whining on the internet and step up your game. Guys in Baltimore riot for their cause. Get shit done.",Feminist Movement,"AGAINST: We can infer from the tweet that the tweeter is against the target (e.g., directly or indirectly by opposing or criticizing someone/something, by supporting someone/something opposed to the target, or by echoing the stance of somebody else).",0.6298,-0.6298
"Because heckling #YesAllWomen & screaming ""LOOK AT ME!"" all day is an excellent way to show us you are a serious individual ",Feminist Movement,"AGAINST: We can infer from the tweet that the tweeter is against the target (e.g., directly or indirectly by opposing or criticizing someone/something, by supporting someone/something opposed to the target, or by echoing the stance of somebody else).",0.6299,-0.6299
"Hey first-world country white women bitching about gender inequality, you're going to be fine #killallmen",Feminist Movement,"AGAINST: We can infer from the tweet that the tweeter is against the target (e.g., directly or indirectly by opposing or criticizing someone/something, by supporting someone/something opposed to the target, or by echoing the stance of somebody else).",0.6401,-0.6401
"@_sarcasmspasm @MT8_9 Then there's the added level of irony: Their chosen figureheads: Not really ""body positive"" amirite?",Feminist Movement,"AGAINST: We can infer from the tweet that the tweeter is against the target (e.g., directly or indirectly by opposing or criticizing someone/something, by supporting someone/something opposed to the target, or by echoing the stance of somebody else).",0.6428,-0.6428
#Feminists can now prove Wage Gap... yet no lawsuits have come forward of women paid less... maybe it doesn't exist.,Feminist Movement,"AGAINST: We can infer from the tweet that the tweeter is against the target (e.g., directly or indirectly by opposing or criticizing someone/something, by supporting someone/something opposed to the target, or by echoing the stance of somebody else).",0.6463,-0.6463
Feminists don't even understand what feminism is.,Feminist Movement,"AGAINST: We can infer from the tweet that the tweeter is against the target (e.g., directly or indirectly by opposing or criticizing someone/something, by supporting someone/something opposed to the target, or by echoing the stance of somebody else).",0.7417,-0.7417
Ok armchair feminists got their panties wet. If you're a social justice warrior go out and do something. Get off tumblr.,Feminist Movement,"AGAINST: We can infer from the tweet that the tweeter is against the target (e.g., directly or indirectly by opposing or criticizing someone/something, by supporting someone/something opposed to the target, or by echoing the stance of somebody else).",0.743,-0.743
"Women don't make 75% less than men for the same job. Women, on average, make less then men. Look it up feminazis. #EqualPayDay",Feminist Movement,"AGAINST: We can infer from the tweet that the tweeter is against the target (e.g., directly or indirectly by opposing or criticizing someone/something, by supporting someone/something opposed to the target, or by echoing the stance of somebody else).",0.7438,-0.7438
Anyone else starting to notice the general demographic of feminists is like fucking high-schoolers.,Feminist Movement,"AGAINST: We can infer from the tweet that the tweeter is against the target (e.g., directly or indirectly by opposing or criticizing someone/something, by supporting someone/something opposed to the target, or by echoing the stance of somebody else).",0.746,-0.746
@BruiseAurora i'm advocating men to stop loving women. Just have sex with them . #everydaysexism,Feminist Movement,"AGAINST: We can infer from the tweet that the tweeter is against the target (e.g., directly or indirectly by opposing or criticizing someone/something, by supporting someone/something opposed to the target, or by echoing the stance of somebody else).",0.7482,-0.7482
"Full of #narcissism and self-loathing, a lot of women out there like that. Its got sod all to do with #WrightStuff #WolfWhistling",Feminist Movement,"AGAINST: We can infer from the tweet that the tweeter is against the target (e.g., directly or indirectly by opposing or criticizing someone/something, by supporting someone/something opposed to the target, or by echoing the stance of somebody else).",0.7482,-0.7482
"@Agratha Feminist logic:  ""Be awesome or you're a piece of shit"".  Nice.  You should learn what patriarchy means, dumb shit. ",Feminist Movement,"AGAINST: We can infer from the tweet that the tweeter is against the target (e.g., directly or indirectly by opposing or criticizing someone/something, by supporting someone/something opposed to the target, or by echoing the stance of somebody else).",0.7494,-0.7494
I'm going to walk you thru this @helen_a13 because I get feminists have NO idea what they are saying...  @BristolBen,Feminist Movement,"AGAINST: We can infer from the tweet that the tweeter is against the target (e.g., directly or indirectly by opposing or criticizing someone/something, by supporting someone/something opposed to the target, or by echoing the stance of somebody else).",0.7514,-0.7514
So if I find a woman attractive I'm an objectifying pig. If I don't find her attractive I'm a shallow pig.,Feminist Movement,"AGAINST: We can infer from the tweet that the tweeter is against the target (e.g., directly or indirectly by opposing or criticizing someone/something, by supporting someone/something opposed to the target, or by echoing the stance of somebody else).",0.7523,-0.7523
.@TheActualSarah The UK is considering abolishing prisons for women completely because crime is a man's fault.,Feminist Movement,"AGAINST: We can infer from the tweet that the tweeter is against the target (e.g., directly or indirectly by opposing or criticizing someone/something, by supporting someone/something opposed to the target, or by echoing the stance of somebody else).",0.7524,-0.7524
@thomas_RAL: Most feminists don't know what they are fighting for?! Most ego maniac's who want they're 15 minutes of fame. #c4news,Feminist Movement,"AGAINST: We can infer from the tweet that the tweeter is against the target (e.g., directly or indirectly by opposing or criticizing someone/something, by supporting someone/something opposed to the target, or by echoing the stance of somebody else).",0.754,-0.754
Sexism is power plus prejudice? So Anita is sexist by her own definition because of her new title in time #Anitasarkeesian,Feminist Movement,"AGAINST: We can infer from the tweet that the tweeter is against the target (e.g., directly or indirectly by opposing or criticizing someone/something, by supporting someone/something opposed to the target, or by echoing the stance of somebody else).",0.7555,-0.7555
This #MaritalRape law if misused dont give any scope to men to prove their innocence.Even honest men can be trapped & slaughtered.,Feminist Movement,"AGAINST: We can infer from the tweet that the tweeter is against the target (e.g., directly or indirectly by opposing or criticizing someone/something, by supporting someone/something opposed to the target, or by echoing the stance of somebody else).",0.7555,-0.7555
.@cooImemegirl @TC_Stompa Women don't understand men's plight and so shouldn't force men into fatherhood w/o consent.,Feminist Movement,"AGAINST: We can infer from the tweet that the tweeter is against the target (e.g., directly or indirectly by opposing or criticizing someone/something, by supporting someone/something opposed to the target, or by echoing the stance of somebody else).",0.7557,-0.7557
".@cooImemegirl Feminists believe mothers should have a say over the father's body, his job, and his money.",Feminist Movement,"AGAINST: We can infer from the tweet that the tweeter is against the target (e.g., directly or indirectly by opposing or criticizing someone/something, by supporting someone/something opposed to the target, or by echoing the stance of somebody else).",0.7641,-0.7641
@spectator exactly women are so weak and incapable the sight of one in a slim skin is giving them an attack of the vapours,Feminist Movement,"AGAINST: We can infer from the tweet that the tweeter is against the target (e.g., directly or indirectly by opposing or criticizing someone/something, by supporting someone/something opposed to the target, or by echoing the stance of somebody else).",0.7677,-0.7677
.@cooImemegirl @TC_Stompa You have no respect for real equality so you lie and claim feminists want it.,Feminist Movement,"AGAINST: We can infer from the tweet that the tweeter is against the target (e.g., directly or indirectly by opposing or criticizing someone/something, by supporting someone/something opposed to the target, or by echoing the stance of somebody else).",0.7685,-0.7685
.@diistantecho Your wee sister believes in both Santa Claus and feminism. Think harder about what that means.,Feminist Movement,"AGAINST: We can infer from the tweet that the tweeter is against the target (e.g., directly or indirectly by opposing or criticizing someone/something, by supporting someone/something opposed to the target, or by echoing the stance of somebody else).",0.7692,-0.7692
@fxckyoustagram u have no reason to need feminism in the 1st world.u are equal. Stop trying to make a case for victimhood.,Feminist Movement,"AGAINST: We can infer from the tweet that the tweeter is against the target (e.g., directly or indirectly by opposing or criticizing someone/something, by supporting someone/something opposed to the target, or by echoing the stance of somebody else).",0.8521,-0.8521
I have noticed that you never see any really beautiful feminists. I wonder why?,Feminist Movement,"AGAINST: We can infer from the tweet that the tweeter is against the target (e.g., directly or indirectly by opposing or criticizing someone/something, by supporting someone/something opposed to the target, or by echoing the stance of somebody else).",0.8674,-0.8674
RT @PatsyMaureen: Females turn into man hating feminists because no man fancy's they're dyke lesbian ass's.,Feminist Movement,"AGAINST: We can infer from the tweet that the tweeter is against the target (e.g., directly or indirectly by opposing or criticizing someone/something, by supporting someone/something opposed to the target, or by echoing the stance of somebody else).",0.8684,-0.8684
We are actually watching a video on radical feminism in history this is the funniest movie ive ever seen,Feminist Movement,"AGAINST: We can infer from the tweet that the tweeter is against the target (e.g., directly or indirectly by opposing or criticizing someone/something, by supporting someone/something opposed to the target, or by echoing the stance of somebody else).",0.8687,-0.8687
"@__florencesmith Not ""if"" - women do have equal rights & feminists have made women more equal than men. Go read ""Animal Farm""",Feminist Movement,"AGAINST: We can infer from the tweet that the tweeter is against the target (e.g., directly or indirectly by opposing or criticizing someone/something, by supporting someone/something opposed to the target, or by echoing the stance of somebody else).",0.8688,-0.8688
OH NO EQUALITY FOR ALL WHAT SHALL WE DO ?!?!? STOP FEMINIST ASAP,Feminist Movement,"AGAINST: We can infer from the tweet that the tweeter is against the target (e.g., directly or indirectly by opposing or criticizing someone/something, by supporting someone/something opposed to the target, or by echoing the stance of somebody else).",0.8699,-0.8699
They want equality but what they're doing is overpowering men. #feminazi,Feminist Movement,"AGAINST: We can infer from the tweet that the tweeter is against the target (e.g., directly or indirectly by opposing or criticizing someone/something, by supporting someone/something opposed to the target, or by echoing the stance of somebody else).",0.8721,-0.8721
"If you're a feminist AND you hate men, please kill yourself.",Feminist Movement,"AGAINST: We can infer from the tweet that the tweeter is against the target (e.g., directly or indirectly by opposing or criticizing someone/something, by supporting someone/something opposed to the target, or by echoing the stance of somebody else).",0.8746,-0.8746
".@nycinterlude Don't worry, honey. Intelligence is a roadblock to full, unquestioning faith in feminism. Bleated be!",Feminist Movement,"AGAINST: We can infer from the tweet that the tweeter is against the target (e.g., directly or indirectly by opposing or criticizing someone/something, by supporting someone/something opposed to the target, or by echoing the stance of somebody else).",0.8793,-0.8793
I nailed another black feminist. I banged her so hard that she shit. My wife ended up cleaning up the shit too. #BaltimoreRiots,Feminist Movement,"AGAINST: We can infer from the tweet that the tweeter is against the target (e.g., directly or indirectly by opposing or criticizing someone/something, by supporting someone/something opposed to the target, or by echoing the stance of somebody else).",0.8801,-0.8801
"@moonsmuke Wow. A threat of violence from a feminist, when I've been nothing but polite. I might report this . . .",Feminist Movement,"AGAINST: We can infer from the tweet that the tweeter is against the target (e.g., directly or indirectly by opposing or criticizing someone/something, by supporting someone/something opposed to the target, or by echoing the stance of somebody else).",0.8813,-0.8813
Anyone find it funny that #Feminists use #TakeitLikeAMan when they don't want to understand what it means to be one?,Feminist Movement,"AGAINST: We can infer from the tweet that the tweeter is against the target (e.g., directly or indirectly by opposing or criticizing someone/something, by supporting someone/something opposed to the target, or by echoing the stance of somebody else).",0.8813,-0.8813
Want revenge for being a slut?  Cry rape.  Then lie to the world and carry a mattress with you.  #rape #UglyFeminist,Feminist Movement,"AGAINST: We can infer from the tweet that the tweeter is against the target (e.g., directly or indirectly by opposing or criticizing someone/something, by supporting someone/something opposed to the target, or by echoing the stance of somebody else).",0.8848,-0.8848
@foreigncorrespo And just because you can quote Simone doesn't mean you understand her. Modern femmie-nism is just whining.,Feminist Movement,"AGAINST: We can infer from the tweet that the tweeter is against the target (e.g., directly or indirectly by opposing or criticizing someone/something, by supporting someone/something opposed to the target, or by echoing the stance of somebody else).",0.8859,-0.8859
.@cooImemegirl Damn that wage gap! Sneaky men work longer hours in dangerous jobs and get paid for it!,Feminist Movement,"AGAINST: We can infer from the tweet that the tweeter is against the target (e.g., directly or indirectly by opposing or criticizing someone/something, by supporting someone/something opposed to the target, or by echoing the stance of somebody else).",0.886,-0.886
"@rimmedlarry Actually, the tag was made by feminists so they can narcissistically post selfies to prove they're not ugly.",Feminist Movement,"AGAINST: We can infer from the tweet that the tweeter is against the target (e.g., directly or indirectly by opposing or criticizing someone/something, by supporting someone/something opposed to the target, or by echoing the stance of somebody else).",0.9325,-0.9325
"@jowilliams293 Feminists, go to the gym, lose some weight and stop to blame society for everything",Feminist Movement,"AGAINST: We can infer from the tweet that the tweeter is against the target (e.g., directly or indirectly by opposing or criticizing someone/something, by supporting someone/something opposed to the target, or by echoing the stance of somebody else).",1,-1
@UKIP Also a policy on removing feminists. In their entirety. Thanks for your help with this #VoteUKIP,Feminist Movement,"AGAINST: We can infer from the tweet that the tweeter is against the target (e.g., directly or indirectly by opposing or criticizing someone/something, by supporting someone/something opposed to the target, or by echoing the stance of somebody else).",1,-1
I met my first radical feminist today. Holy shit. Amazing how much can go wrong in a brain #wtf,Feminist Movement,"AGAINST: We can infer from the tweet that the tweeter is against the target (e.g., directly or indirectly by opposing or criticizing someone/something, by supporting someone/something opposed to the target, or by echoing the stance of somebody else).",1,-1
"Stupid Feminists, the civilization you take for granted was built with the labour, blood sweat and tears of men.",Feminist Movement,"AGAINST: We can infer from the tweet that the tweeter is against the target (e.g., directly or indirectly by opposing or criticizing someone/something, by supporting someone/something opposed to the target, or by echoing the stance of somebody else).",1,-1
Gotta love the respect feminists give to those that don't wanna be a feminist (note the sarcasm) #IDontNeedFeminism,Feminist Movement,"AGAINST: We can infer from the tweet that the tweeter is against the target (e.g., directly or indirectly by opposing or criticizing someone/something, by supporting someone/something opposed to the target, or by echoing the stance of somebody else).",1,-1
How much radical feminist does there have to be before feminist start rethinking their position about feminism?,Feminist Movement,"AGAINST: We can infer from the tweet that the tweeter is against the target (e.g., directly or indirectly by opposing or criticizing someone/something, by supporting someone/something opposed to the target, or by echoing the stance of somebody else).",1,-1
All the feminist block me because I speak true.,Feminist Movement,"AGAINST: We can infer from the tweet that the tweeter is against the target (e.g., directly or indirectly by opposing or criticizing someone/something, by supporting someone/something opposed to the target, or by echoing the stance of somebody else).",1,-1
"@KrewellaJahan feminism does not equal woman's rights. Feminism is about vaulting one gender over another, NOT equality.",Feminist Movement,"AGAINST: We can infer from the tweet that the tweeter is against the target (e.g., directly or indirectly by opposing or criticizing someone/something, by supporting someone/something opposed to the target, or by echoing the stance of somebody else).",1,-1
"watching #BaltimoreRiots on Fox news, obvious feminist and her goony beardman following the reporter around for attention",Feminist Movement,"AGAINST: We can infer from the tweet that the tweeter is against the target (e.g., directly or indirectly by opposing or criticizing someone/something, by supporting someone/something opposed to the target, or by echoing the stance of somebody else).",1,-1
"@DaniBChristen Yes,a ""greater"" understanding because ur's is ""superior"" 2 mine LOL #IDontNeedFeminism",Feminist Movement,"AGAINST: We can infer from the tweet that the tweeter is against the target (e.g., directly or indirectly by opposing or criticizing someone/something, by supporting someone/something opposed to the target, or by echoing the stance of somebody else).",1,-1
".@brigadam @KlaraJoelsson You just made the best case against feminist ""equality"" ever! Fuck feminism!",Feminist Movement,"AGAINST: We can infer from the tweet that the tweeter is against the target (e.g., directly or indirectly by opposing or criticizing someone/something, by supporting someone/something opposed to the target, or by echoing the stance of somebody else).",1,-1
"Starting to compile evidence for blog post, how modern feminism shares the same traits as the Nazi propaganda #antifeminism",Feminist Movement,"AGAINST: We can infer from the tweet that the tweeter is against the target (e.g., directly or indirectly by opposing or criticizing someone/something, by supporting someone/something opposed to the target, or by echoing the stance of somebody else).",1,-1
"I've removed the term #feminist from by bio because racist, transphobic, white feminists have fucked it up for everyone.",Feminist Movement,"AGAINST: We can infer from the tweet that the tweeter is against the target (e.g., directly or indirectly by opposing or criticizing someone/something, by supporting someone/something opposed to the target, or by echoing the stance of somebody else).",1,-1
"If feminists spent 1/2 as much time reading papers as they do tumblr they would be real people, not ignorant sexist bigots.",Feminist Movement,"AGAINST: We can infer from the tweet that the tweeter is against the target (e.g., directly or indirectly by opposing or criticizing someone/something, by supporting someone/something opposed to the target, or by echoing the stance of somebody else).",1,-1
"What do you say to a woman with two black eyes?  Nothing, she's already been told twice.  ",Feminist Movement,"AGAINST: We can infer from the tweet that the tweeter is against the target (e.g., directly or indirectly by opposing or criticizing someone/something, by supporting someone/something opposed to the target, or by echoing the stance of somebody else).",1,-1
.@feminismvibes Men don't admit to being raped as readily as women do. So your question is feminist bullshit.,Feminist Movement,"AGAINST: We can infer from the tweet that the tweeter is against the target (e.g., directly or indirectly by opposing or criticizing someone/something, by supporting someone/something opposed to the target, or by echoing the stance of somebody else).",1,-1
@ProteinWorld Don't worry about all these feminists. Any press is good press. I will be ordering products. soon.,Feminist Movement,"AGAINST: We can infer from the tweet that the tweeter is against the target (e.g., directly or indirectly by opposing or criticizing someone/something, by supporting someone/something opposed to the target, or by echoing the stance of somebody else).",1,-1
".@cooImemegirl Feminists reject (or ignore the fight for) equality when it might hurt women. That's not equality, duh.",Feminist Movement,"AGAINST: We can infer from the tweet that the tweeter is against the target (e.g., directly or indirectly by opposing or criticizing someone/something, by supporting someone/something opposed to the target, or by echoing the stance of somebody else).",1,-1
Why do girls/women spend so much time to be pretty and attractive and then complain if they're reduced to a sex symbol?,Feminist Movement,"AGAINST: We can infer from the tweet that the tweeter is against the target (e.g., directly or indirectly by opposing or criticizing someone/something, by supporting someone/something opposed to the target, or by echoing the stance of somebody else).",1,-1
Women get paid far more than men to appear in pornography. How come no one is talking about this blatant sexism?!  @amazingatheist,Feminist Movement,"AGAINST: We can infer from the tweet that the tweeter is against the target (e.g., directly or indirectly by opposing or criticizing someone/something, by supporting someone/something opposed to the target, or by echoing the stance of somebody else).",1,-1
".@johnny_nimble @__heyheather @cooImemegirl ""Equality"": a term used by feminists to poorly hide supremacist agendas.",Feminist Movement,"AGAINST: We can infer from the tweet that the tweeter is against the target (e.g., directly or indirectly by opposing or criticizing someone/something, by supporting someone/something opposed to the target, or by echoing the stance of somebody else).",1,-1
Feminists are not ugly lol they do make me laugh though. They are the most hypocritical people on the planet,Feminist Movement,"AGAINST: We can infer from the tweet that the tweeter is against the target (e.g., directly or indirectly by opposing or criticizing someone/something, by supporting someone/something opposed to the target, or by echoing the stance of somebody else).",1,-1
Strict gender roles in the context of a true marriage devoted to raising children will always be the ideal. No substitutes. #tcot,Feminist Movement,"AGAINST: We can infer from the tweet that the tweeter is against the target (e.g., directly or indirectly by opposing or criticizing someone/something, by supporting someone/something opposed to the target, or by echoing the stance of somebody else).",1,-1
I can't believe some of the reasons people say they need feminism. I need my dog for half of the same reasons.  #antifeminist,Feminist Movement,"AGAINST: We can infer from the tweet that the tweeter is against the target (e.g., directly or indirectly by opposing or criticizing someone/something, by supporting someone/something opposed to the target, or by echoing the stance of somebody else).",1,-1
"ayyy, feminists.. wanna buy me a drink?",Feminist Movement,"FOR: We can infer from the tweet that the tweeter supports the target (e.g., directly or indirectly by supporting someone/something, by opposing or criticizing someone/something opposed to the target, or by echoing the stance of somebody else).",0.3728,0.3728
Which ugly ass white boy who got rejected by girl made this stupid hashtags,Feminist Movement,"FOR: We can infer from the tweet that the tweeter supports the target (e.g., directly or indirectly by supporting someone/something, by opposing or criticizing someone/something opposed to the target, or by echoing the stance of somebody else).",0.381,0.381
@alexisxisabel You proved yourself to be a real feminist. Only speaking about how girls have it difficult.,Feminist Movement,"FOR: We can infer from the tweet that the tweeter supports the target (e.g., directly or indirectly by supporting someone/something, by opposing or criticizing someone/something opposed to the target, or by echoing the stance of somebody else).",0.4792,0.4792
"RT @JSgingersnap: In class today, a kid said that feminists hate men. Ok sweetie.",Feminist Movement,"FOR: We can infer from the tweet that the tweeter supports the target (e.g., directly or indirectly by supporting someone/something, by opposing or criticizing someone/something opposed to the target, or by echoing the stance of somebody else).",0.4861,0.4861
true to form #AaronHernandez Fiance is not being held accountable for her role. #YesAllWomen & accountability are like oil & water,Feminist Movement,"FOR: We can infer from the tweet that the tweeter supports the target (e.g., directly or indirectly by supporting someone/something, by opposing or criticizing someone/something opposed to the target, or by echoing the stance of somebody else).",0.4924,0.4924
RT @Paul6613: #jameiswinston needs to sue Keith Olbermann  for slander and defamation #YesAllWomen #EricaKinsman #FalseAccuser,Feminist Movement,"FOR: We can infer from the tweet that the tweeter supports the target (e.g., directly or indirectly by supporting someone/something, by opposing or criticizing someone/something opposed to the target, or by echoing the stance of somebody else).",0.4944,0.4944
Part of why I want to do gay porn is to contrast/challenge the objectification of women to that of men. Exploitation of Self,Feminist Movement,"FOR: We can infer from the tweet that the tweeter supports the target (e.g., directly or indirectly by supporting someone/something, by opposing or criticizing someone/something opposed to the target, or by echoing the stance of somebody else).",0.497,0.497
@PizzaPartyBen omg u misogynistic oppressor this is why i need #rapeculture #patriarchy,Feminist Movement,"FOR: We can infer from the tweet that the tweeter supports the target (e.g., directly or indirectly by supporting someone/something, by opposing or criticizing someone/something opposed to the target, or by echoing the stance of somebody else).",0.4979,0.4979
"Qotd: ""there is only misogyny or feminism"" -@Lexialex on the @NoTotally podcast",Feminist Movement,"FOR: We can infer from the tweet that the tweeter supports the target (e.g., directly or indirectly by supporting someone/something, by opposing or criticizing someone/something opposed to the target, or by echoing the stance of somebody else).",0.4986,0.4986
@sydneygrunklee1 AND A MAN! A MAN CAN DO WHAT HE WANTS WITH HIS BODY AS WELL!,Feminist Movement,"FOR: We can infer from the tweet that the tweeter supports the target (e.g., directly or indirectly by supporting someone/something, by opposing or criticizing someone/something opposed to the target, or by echoing the stance of somebody else).",0.4999,0.4999
Because I barely have a mind of my own so i need you to tell me how to best entertain you #fckyou #literallydisappearplz,Feminist Movement,"FOR: We can infer from the tweet that the tweeter supports the target (e.g., directly or indirectly by supporting someone/something, by opposing or criticizing someone/something opposed to the target, or by echoing the stance of somebody else).",0.5005,0.5005
Free bleeding is only gross if ur a misogynist #ineedfriends,Feminist Movement,"FOR: We can infer from the tweet that the tweeter supports the target (e.g., directly or indirectly by supporting someone/something, by opposing or criticizing someone/something opposed to the target, or by echoing the stance of somebody else).",0.5026,0.5026
feminism today focuses on microagressions the wage gap is fake we work on fixing social attitudes and ending rape culture,Feminist Movement,"FOR: We can infer from the tweet that the tweeter supports the target (e.g., directly or indirectly by supporting someone/something, by opposing or criticizing someone/something opposed to the target, or by echoing the stance of somebody else).",0.5053,0.5053
.@aliciapoosays Why should a man pay a woman he's no longer married to? Why shouldn't custody be equal? Its EQUALITY.,Feminist Movement,"FOR: We can infer from the tweet that the tweeter supports the target (e.g., directly or indirectly by supporting someone/something, by opposing or criticizing someone/something opposed to the target, or by echoing the stance of somebody else).",0.5139,0.5139
@FeministFailure @flexifer @UpandGoUK She's showing 77% less skin than the boys. #equalskinday #oppressed,Feminist Movement,"FOR: We can infer from the tweet that the tweeter supports the target (e.g., directly or indirectly by supporting someone/something, by opposing or criticizing someone/something opposed to the target, or by echoing the stance of somebody else).",0.5196,0.5196
"@foreigncorrespo Let me tell you: old and smart is way better than young and stupid, haughty femmie duh.",Feminist Movement,"FOR: We can infer from the tweet that the tweeter supports the target (e.g., directly or indirectly by supporting someone/something, by opposing or criticizing someone/something opposed to the target, or by echoing the stance of somebody else).",0.5639,0.5639
When is it ok for a married 49-year-old CEO to use his power and influence to shag his 22-year-old intern? #AskHillary,Feminist Movement,"FOR: We can infer from the tweet that the tweeter supports the target (e.g., directly or indirectly by supporting someone/something, by opposing or criticizing someone/something opposed to the target, or by echoing the stance of somebody else).",0.5966,0.5966
"don't let anyone else's perception of you define you or your beliefs, and don't feel you have to justify your own worth",Feminist Movement,"FOR: We can infer from the tweet that the tweeter supports the target (e.g., directly or indirectly by supporting someone/something, by opposing or criticizing someone/something opposed to the target, or by echoing the stance of somebody else).",0.612,0.612
"Pissed that I got ""talked to"" but he didn't ",Feminist Movement,"FOR: We can infer from the tweet that the tweeter supports the target (e.g., directly or indirectly by supporting someone/something, by opposing or criticizing someone/something opposed to the target, or by echoing the stance of somebody else).",0.6135,0.6135
@randomtweetor i hate to break it to u bruh but women do get pretty for us. They get pretty to show other women #feminist,Feminist Movement,"FOR: We can infer from the tweet that the tweeter supports the target (e.g., directly or indirectly by supporting someone/something, by opposing or criticizing someone/something opposed to the target, or by echoing the stance of somebody else).",0.6149,0.6149
@Demias20  Misogynist Patriarchy rapist neckbeard Harasser evil mansplain manspread woman hater born a rapist Etc Etc Etc,Feminist Movement,"FOR: We can infer from the tweet that the tweeter supports the target (e.g., directly or indirectly by supporting someone/something, by opposing or criticizing someone/something opposed to the target, or by echoing the stance of somebody else).",0.6171,0.6171
I take it personally when people call my dog a he. Toni is a girls name too,Feminist Movement,"FOR: We can infer from the tweet that the tweeter supports the target (e.g., directly or indirectly by supporting someone/something, by opposing or criticizing someone/something opposed to the target, or by echoing the stance of somebody else).",0.6175,0.6175
"MRAs just tried to ""enlighten"" me, which went about as well as the flight of the Hindenburg.",Feminist Movement,"FOR: We can infer from the tweet that the tweeter supports the target (e.g., directly or indirectly by supporting someone/something, by opposing or criticizing someone/something opposed to the target, or by echoing the stance of somebody else).",0.6199,0.6199
@TheRuIes @xDirtyDianna why not she's clearly a part of the squad females can't be with guys without being looked at as a hoe,Feminist Movement,"FOR: We can infer from the tweet that the tweeter supports the target (e.g., directly or indirectly by supporting someone/something, by opposing or criticizing someone/something opposed to the target, or by echoing the stance of somebody else).",0.6225,0.6225
Walking through my neighborhood i saw 5 different fathers taking care of the toddler with no woman nearby  #househusband,Feminist Movement,"FOR: We can infer from the tweet that the tweeter supports the target (e.g., directly or indirectly by supporting someone/something, by opposing or criticizing someone/something opposed to the target, or by echoing the stance of somebody else).",0.6246,0.6246
We live in a world where you're either a bitch or a doormat,Feminist Movement,"FOR: We can infer from the tweet that the tweeter supports the target (e.g., directly or indirectly by supporting someone/something, by opposing or criticizing someone/something opposed to the target, or by echoing the stance of somebody else).",0.6288,0.6288
"Wives who dislike cooking mk husbands diet, saying they'll stay fit Actually they want to avoid cooking ;) MCP #WomensProgress2015",Feminist Movement,"FOR: We can infer from the tweet that the tweeter supports the target (e.g., directly or indirectly by supporting someone/something, by opposing or criticizing someone/something opposed to the target, or by echoing the stance of somebody else).",0.6317,0.6317
"You want to hear something really ugly, 1 in 5 women will be sexually assaulted in their time in college #MisogynyIsUgly",Feminist Movement,"FOR: We can infer from the tweet that the tweeter supports the target (e.g., directly or indirectly by supporting someone/something, by opposing or criticizing someone/something opposed to the target, or by echoing the stance of somebody else).",0.6356,0.6356
@evelynlns @jes_chastain Agree 100 %! She radiates beauty from the inside out. Such a role model for all,Feminist Movement,"FOR: We can infer from the tweet that the tweeter supports the target (e.g., directly or indirectly by supporting someone/something, by opposing or criticizing someone/something opposed to the target, or by echoing the stance of somebody else).",0.6357,0.6357
Kristen Stewart: 'Hollywood is disgustingly sexist' #kristenstewart #cloudsofsilsmaria #culture #women,Feminist Movement,"FOR: We can infer from the tweet that the tweeter supports the target (e.g., directly or indirectly by supporting someone/something, by opposing or criticizing someone/something opposed to the target, or by echoing the stance of somebody else).",0.637,0.637
"@VirginRadioTO @MauraGrierson how about ""Maura & Tucker in the morning"" #equality #seniority",Feminist Movement,"FOR: We can infer from the tweet that the tweeter supports the target (e.g., directly or indirectly by supporting someone/something, by opposing or criticizing someone/something opposed to the target, or by echoing the stance of somebody else).",0.6386,0.6386
I love that girl @EricWynalda on @meganrapinoe_15 What the hell @FOXSports1? Way to diminish women's soccer #USWNT,Feminist Movement,"FOR: We can infer from the tweet that the tweeter supports the target (e.g., directly or indirectly by supporting someone/something, by opposing or criticizing someone/something opposed to the target, or by echoing the stance of somebody else).",0.6499,0.6499
I just yelled at my boyfriend for trying to let me win for Mortal Kombat X.,Feminist Movement,"FOR: We can infer from the tweet that the tweeter supports the target (e.g., directly or indirectly by supporting someone/something, by opposing or criticizing someone/something opposed to the target, or by echoing the stance of somebody else).",0.7332,0.7332
"Job should always go to best candidate, regardless of gender. Gender shouldn't even matter anymore, it's 2015! #PaulHenry",Feminist Movement,"FOR: We can infer from the tweet that the tweeter supports the target (e.g., directly or indirectly by supporting someone/something, by opposing or criticizing someone/something opposed to the target, or by echoing the stance of somebody else).",0.7375,0.7375
The moment you know you've won as a wife.  You put out and he gets up to make his own sandwich. #winning #yvrmoms #funny #joke,Feminist Movement,"FOR: We can infer from the tweet that the tweeter supports the target (e.g., directly or indirectly by supporting someone/something, by opposing or criticizing someone/something opposed to the target, or by echoing the stance of somebody else).",0.7382,0.7382
"Eating a bagel by myself rocking out to ""Man! I Feel Like a Woman!"" #ponytail #freedom",Feminist Movement,"FOR: We can infer from the tweet that the tweeter supports the target (e.g., directly or indirectly by supporting someone/something, by opposing or criticizing someone/something opposed to the target, or by echoing the stance of somebody else).",0.7418,0.7418
@Fashionopolis You just gained a new follower! The #misogynist #maritalrapedebate views has got me outraged!,Feminist Movement,"FOR: We can infer from the tweet that the tweeter supports the target (e.g., directly or indirectly by supporting someone/something, by opposing or criticizing someone/something opposed to the target, or by echoing the stance of somebody else).",0.7449,0.7449
"when they say men look at women like a piece of meat what do they even mean, they want to cook & eat her? #YesAllWomen",Feminist Movement,"FOR: We can infer from the tweet that the tweeter supports the target (e.g., directly or indirectly by supporting someone/something, by opposing or criticizing someone/something opposed to the target, or by echoing the stance of somebody else).",0.745,0.745
"If you wanna stay home and raise a family, that's cool. But that's your choice and nobody else's.",Feminist Movement,"FOR: We can infer from the tweet that the tweeter supports the target (e.g., directly or indirectly by supporting someone/something, by opposing or criticizing someone/something opposed to the target, or by echoing the stance of somebody else).",0.7453,0.7453
Did you know? Gender stereotypes as we know then developed with beginning of the 18. century. #gender,Feminist Movement,"FOR: We can infer from the tweet that the tweeter supports the target (e.g., directly or indirectly by supporting someone/something, by opposing or criticizing someone/something opposed to the target, or by echoing the stance of somebody else).",0.7458,0.7458
"I refuse to accept that there is a unbreakable glass ceiling, after all if you hit glass hard enough it will shatter #glassceiling",Feminist Movement,"FOR: We can infer from the tweet that the tweeter supports the target (e.g., directly or indirectly by supporting someone/something, by opposing or criticizing someone/something opposed to the target, or by echoing the stance of somebody else).",0.7464,0.7464
"hooks says that we continue,even though it's hard and causes pain, because of those people we look to #whatawoman #bellhooks #love",Feminist Movement,"FOR: We can infer from the tweet that the tweeter supports the target (e.g., directly or indirectly by supporting someone/something, by opposing or criticizing someone/something opposed to the target, or by echoing the stance of somebody else).",0.7467,0.7467
"If you claim nor to be a feminist, you either don't understand what feminism is, or you are a huge societal problem.",Feminist Movement,"FOR: We can infer from the tweet that the tweeter supports the target (e.g., directly or indirectly by supporting someone/something, by opposing or criticizing someone/something opposed to the target, or by echoing the stance of somebody else).",0.7467,0.7467
@EverydaySexism .@Rod_McCallum you are a dinosaur and a fool.  Not rising to your antiquated rhetoric.  Bye,Feminist Movement,"FOR: We can infer from the tweet that the tweeter supports the target (e.g., directly or indirectly by supporting someone/something, by opposing or criticizing someone/something opposed to the target, or by echoing the stance of somebody else).",0.7498,0.7498
@MsLuuna women don't need to shave.,Feminist Movement,"FOR: We can infer from the tweet that the tweeter supports the target (e.g., directly or indirectly by supporting someone/something, by opposing or criticizing someone/something opposed to the target, or by echoing the stance of somebody else).",0.7509,0.7509
Just been putting the finishing touches to a feminist-themed cryptic crossword... Standard. #crosswords,Feminist Movement,"FOR: We can infer from the tweet that the tweeter supports the target (e.g., directly or indirectly by supporting someone/something, by opposing or criticizing someone/something opposed to the target, or by echoing the stance of somebody else).",0.7516,0.7516
"those who resist against feminism before us 2016 election, should not be killed. they should be raped to death ... #USElections",Feminist Movement,"FOR: We can infer from the tweet that the tweeter supports the target (e.g., directly or indirectly by supporting someone/something, by opposing or criticizing someone/something opposed to the target, or by echoing the stance of somebody else).",0.7522,0.7522
#YesAllWomen should know how to protect herself. Which is why I carry a gun. #republicanvalues,Feminist Movement,"FOR: We can infer from the tweet that the tweeter supports the target (e.g., directly or indirectly by supporting someone/something, by opposing or criticizing someone/something opposed to the target, or by echoing the stance of somebody else).",0.7526,0.7526
@Vivvyyy what's so wrong with getting dick? How come when guys do it they're praised for it? YOU SEXIST,Feminist Movement,"FOR: We can infer from the tweet that the tweeter supports the target (e.g., directly or indirectly by supporting someone/something, by opposing or criticizing someone/something opposed to the target, or by echoing the stance of somebody else).",0.7537,0.7537
RT @WeNeedFeminism: My school taught us about the penis but never mentioned the clitoris,Feminist Movement,"FOR: We can infer from the tweet that the tweeter supports the target (e.g., directly or indirectly by supporting someone/something, by opposing or criticizing someone/something opposed to the target, or by echoing the stance of somebody else).",0.754,0.754
@OliviaJeniferx it's not always the guys job. #equality,Feminist Movement,"FOR: We can infer from the tweet that the tweeter supports the target (e.g., directly or indirectly by supporting someone/something, by opposing or criticizing someone/something opposed to the target, or by echoing the stance of somebody else).",0.7568,0.7568
@Mike_Charmander @MsLatina a right doesn't have to come from a law. They're called equal rights not equal laws,Feminist Movement,"FOR: We can infer from the tweet that the tweeter supports the target (e.g., directly or indirectly by supporting someone/something, by opposing or criticizing someone/something opposed to the target, or by echoing the stance of somebody else).",0.7617,0.7617
Whether you label yourself a feminist or not I think it's important that we address equal rights.-Taylor Swift.,Feminist Movement,"FOR: We can infer from the tweet that the tweeter supports the target (e.g., directly or indirectly by supporting someone/something, by opposing or criticizing someone/something opposed to the target, or by echoing the stance of somebody else).",0.763,0.763
Yes women it's not fair that men staying at home is shamed by society. We must change ppl additudes  #everydaysexism,Feminist Movement,"FOR: We can infer from the tweet that the tweeter supports the target (e.g., directly or indirectly by supporting someone/something, by opposing or criticizing someone/something opposed to the target, or by echoing the stance of somebody else).",0.7668,0.7668
"Thanks for all the laughs tonight, @amyschumer! And the social commentary wasn't bad either ;) #equalpay #girlyoudontneedmakeup",Feminist Movement,"FOR: We can infer from the tweet that the tweeter supports the target (e.g., directly or indirectly by supporting someone/something, by opposing or criticizing someone/something opposed to the target, or by echoing the stance of somebody else).",0.7711,0.7711
Sometimes I overheat and want to take off my shirt but can't because of social expectations of people with breasts. ;n;,Feminist Movement,"FOR: We can infer from the tweet that the tweeter supports the target (e.g., directly or indirectly by supporting someone/something, by opposing or criticizing someone/something opposed to the target, or by echoing the stance of somebody else).",0.8133,0.8133
@FudgieeBuddiee ARE YOU SAYING ALL GIRLS ARE SENSITIVE BECAUSE OF GENDER ROLES? YOU SEXIST SWINE,Feminist Movement,"FOR: We can infer from the tweet that the tweeter supports the target (e.g., directly or indirectly by supporting someone/something, by opposing or criticizing someone/something opposed to the target, or by echoing the stance of somebody else).",0.8526,0.8526
"Every time I was told I was bossy rather than assertive I took it as a compliment,",Feminist Movement,"FOR: We can infer from the tweet that the tweeter supports the target (e.g., directly or indirectly by supporting someone/something, by opposing or criticizing someone/something opposed to the target, or by echoing the stance of somebody else).",0.8662,0.8662
"wanted to pursue a career rather than settle down and start a family in my 20's. Even now, people still tell me time is ticking &",Feminist Movement,"FOR: We can infer from the tweet that the tweeter supports the target (e.g., directly or indirectly by supporting someone/something, by opposing or criticizing someone/something opposed to the target, or by echoing the stance of somebody else).",0.8672,0.8672
tired of anti-womanist respectability politics. we need a safe space for women can look like they're at the club at an interview,Feminist Movement,"FOR: We can infer from the tweet that the tweeter supports the target (e.g., directly or indirectly by supporting someone/something, by opposing or criticizing someone/something opposed to the target, or by echoing the stance of somebody else).",0.8685,0.8685
"Some guy just called me a gentleman for holding the door open for him. He then corrected himself & said ""I'm sorry, gentlewoman!""",Feminist Movement,"FOR: We can infer from the tweet that the tweeter supports the target (e.g., directly or indirectly by supporting someone/something, by opposing or criticizing someone/something opposed to the target, or by echoing the stance of somebody else).",0.8695,0.8695
Women are superior to men in every aspect #feminist,Feminist Movement,"FOR: We can infer from the tweet that the tweeter supports the target (e.g., directly or indirectly by supporting someone/something, by opposing or criticizing someone/something opposed to the target, or by echoing the stance of somebody else).",0.8699,0.8699
.@Awyee707 I respect your truck-suck. Why do you not respect girls' innate or chosen doll-love?,Feminist Movement,"FOR: We can infer from the tweet that the tweeter supports the target (e.g., directly or indirectly by supporting someone/something, by opposing or criticizing someone/something opposed to the target, or by echoing the stance of somebody else).",0.8699,0.8699
@SkyNews  @EamonnHolmes @SkyJacquie guy from 'beach body ready' advert being interviewed.Conclusion=arrogant male chauvinist idiot,Feminist Movement,"FOR: We can infer from the tweet that the tweeter supports the target (e.g., directly or indirectly by supporting someone/something, by opposing or criticizing someone/something opposed to the target, or by echoing the stance of somebody else).",0.8703,0.8703
This feminist supports gender equality because some people believe a woman's value lies in her physical beauty.,Feminist Movement,"FOR: We can infer from the tweet that the tweeter supports the target (e.g., directly or indirectly by supporting someone/something, by opposing or criticizing someone/something opposed to the target, or by echoing the stance of somebody else).",0.8719,0.8719
@victoriacoren has an article on women and politics in this months @ELLEUK - it's a must read. #generalelection #politics #women,Feminist Movement,"FOR: We can infer from the tweet that the tweeter supports the target (e.g., directly or indirectly by supporting someone/something, by opposing or criticizing someone/something opposed to the target, or by echoing the stance of somebody else).",0.8725,0.8725
"Men that want ""credit"" from women for being feminists are not feminists at all.  They're just men wanting more privileges #vaw #p2",Feminist Movement,"FOR: We can infer from the tweet that the tweeter supports the target (e.g., directly or indirectly by supporting someone/something, by opposing or criticizing someone/something opposed to the target, or by echoing the stance of somebody else).",0.8728,0.8728
These pics of #pornstars with/without makeup? Just perpetuating the myth that women need makeup to be considered pretty.,Feminist Movement,"FOR: We can infer from the tweet that the tweeter supports the target (e.g., directly or indirectly by supporting someone/something, by opposing or criticizing someone/something opposed to the target, or by echoing the stance of somebody else).",0.8746,0.8746
RT @rossansguil: Nothing like dudes joking about molesting me right to my face...,Feminist Movement,"FOR: We can infer from the tweet that the tweeter supports the target (e.g., directly or indirectly by supporting someone/something, by opposing or criticizing someone/something opposed to the target, or by echoing the stance of somebody else).",0.8746,0.8746
Excited to hear author @LeoraTanenbaum  Slut-Shaming in the Age ofthe Internet #slutshaming,Feminist Movement,"FOR: We can infer from the tweet that the tweeter supports the target (e.g., directly or indirectly by supporting someone/something, by opposing or criticizing someone/something opposed to the target, or by echoing the stance of somebody else).",0.8747,0.8747
RT @WGSndsu: Let's demand less cat-calling and more cats! #ndsufeminist #Feminist #cats #DogsCanComeToo,Feminist Movement,"FOR: We can infer from the tweet that the tweeter supports the target (e.g., directly or indirectly by supporting someone/something, by opposing or criticizing someone/something opposed to the target, or by echoing the stance of somebody else).",0.8755,0.8755
"Im sorry if you going to be with me and call me ""you women"" like im a cadigory ill probably but boot out the door",Feminist Movement,"FOR: We can infer from the tweet that the tweeter supports the target (e.g., directly or indirectly by supporting someone/something, by opposing or criticizing someone/something opposed to the target, or by echoing the stance of somebody else).",0.8766,0.8766
It is not a woman's place to be made to feel uncomfortable walking down the street. #PoppySmart,Feminist Movement,"FOR: We can infer from the tweet that the tweeter supports the target (e.g., directly or indirectly by supporting someone/something, by opposing or criticizing someone/something opposed to the target, or by echoing the stance of somebody else).",0.8777,0.8777
Elizabeth Cady Stanton did not die so you could get upset about fuckbois that don't text back,Feminist Movement,"FOR: We can infer from the tweet that the tweeter supports the target (e.g., directly or indirectly by supporting someone/something, by opposing or criticizing someone/something opposed to the target, or by echoing the stance of somebody else).",0.8785,0.8785
@ENews Tell @TerrenceJ to stop speaking about women is such a belittling manner. You should NEVER lie to women. #Equality #asshole,Feminist Movement,"FOR: We can infer from the tweet that the tweeter supports the target (e.g., directly or indirectly by supporting someone/something, by opposing or criticizing someone/something opposed to the target, or by echoing the stance of somebody else).",0.8785,0.8785
links in sauga gotta stop chincing girls and taking away that extra bit #iknowyoudoit  #equality,Feminist Movement,"FOR: We can infer from the tweet that the tweeter supports the target (e.g., directly or indirectly by supporting someone/something, by opposing or criticizing someone/something opposed to the target, or by echoing the stance of somebody else).",0.8796,0.8796
Your physical appearance doesn't define your worth.People should be heard whether theyre conventionally attractive or not.,Feminist Movement,"FOR: We can infer from the tweet that the tweeter supports the target (e.g., directly or indirectly by supporting someone/something, by opposing or criticizing someone/something opposed to the target, or by echoing the stance of somebody else).",0.8801,0.8801
"The most upsetting of all of these however, was when I was greeted with shock and disgust for the fact I have ambition and",Feminist Movement,"FOR: We can infer from the tweet that the tweeter supports the target (e.g., directly or indirectly by supporting someone/something, by opposing or criticizing someone/something opposed to the target, or by echoing the stance of somebody else).",0.8801,0.8801
Just read a rather good article on females and their perceived/imposed limits throughout the education system and the work place,Feminist Movement,"FOR: We can infer from the tweet that the tweeter supports the target (e.g., directly or indirectly by supporting someone/something, by opposing or criticizing someone/something opposed to the target, or by echoing the stance of somebody else).",0.8804,0.8804
It upsets me how people are so narrow-minded when it comes to feminism. STEREOTYPING MEN IS NOT .,Feminist Movement,"FOR: We can infer from the tweet that the tweeter supports the target (e.g., directly or indirectly by supporting someone/something, by opposing or criticizing someone/something opposed to the target, or by echoing the stance of somebody else).",0.8847,0.8847
"I HOPE YOU GET RAPED is apparently how misogynists say ""How dare you not bend to my will?""  #YesAllWomen",Feminist Movement,"FOR: We can infer from the tweet that the tweeter supports the target (e.g., directly or indirectly by supporting someone/something, by opposing or criticizing someone/something opposed to the target, or by echoing the stance of somebody else).",0.8847,0.8847
You don't have to be anti-men to be pro-women. ~ #SheQuotes #Quote #women #men,Feminist Movement,"FOR: We can infer from the tweet that the tweeter supports the target (e.g., directly or indirectly by supporting someone/something, by opposing or criticizing someone/something opposed to the target, or by echoing the stance of somebody else).",0.8888,0.8888
The queen won the royalty race not the king or prince,Feminist Movement,"FOR: We can infer from the tweet that the tweeter supports the target (e.g., directly or indirectly by supporting someone/something, by opposing or criticizing someone/something opposed to the target, or by echoing the stance of somebody else).",0.8888,0.8888
"Me (in jest): It's a man's world, y'know. Kaitlyn: I'll blow up the world then. ",Feminist Movement,"FOR: We can infer from the tweet that the tweeter supports the target (e.g., directly or indirectly by supporting someone/something, by opposing or criticizing someone/something opposed to the target, or by echoing the stance of somebody else).",0.8888,0.8888
Courting patriarchal approval condemns your sisters to abuse about their physical appearance #patriarchyisugly,Feminist Movement,"FOR: We can infer from the tweet that the tweeter supports the target (e.g., directly or indirectly by supporting someone/something, by opposing or criticizing someone/something opposed to the target, or by echoing the stance of somebody else).",0.8888,0.8888
"Contempo Qiwaamah:longer paid maternity leave,flexi working hours,on-site childcare,breastfeeding/breastpumping rooms,equal pay",Feminist Movement,"FOR: We can infer from the tweet that the tweeter supports the target (e.g., directly or indirectly by supporting someone/something, by opposing or criticizing someone/something opposed to the target, or by echoing the stance of somebody else).",0.89,0.89
So you support unequal pricing based on gender @CamilleBogrand?  Don't you normally call that sexism?  #EqualPayDay,Feminist Movement,"FOR: We can infer from the tweet that the tweeter supports the target (e.g., directly or indirectly by supporting someone/something, by opposing or criticizing someone/something opposed to the target, or by echoing the stance of somebody else).",0.8906,0.8906
Always a delight to see chest-drumming alpha males hiss and scuttle backwards up the wall when a feminist enters the room. #manly,Feminist Movement,"FOR: We can infer from the tweet that the tweeter supports the target (e.g., directly or indirectly by supporting someone/something, by opposing or criticizing someone/something opposed to the target, or by echoing the stance of somebody else).",0.9202,0.9202
"Men don't have a right to talk over you, you're voice is important, you are a goddess and don't deserve to be silenced",Feminist Movement,"FOR: We can infer from the tweet that the tweeter supports the target (e.g., directly or indirectly by supporting someone/something, by opposing or criticizing someone/something opposed to the target, or by echoing the stance of somebody else).",0.962,0.962
"those who resist against feminism before us 2016 election should not be killed, should be raped to death ... #USElections",Feminist Movement,"FOR: We can infer from the tweet that the tweeter supports the target (e.g., directly or indirectly by supporting someone/something, by opposing or criticizing someone/something opposed to the target, or by echoing the stance of somebody else).",1,1
Contrary to stereotype I see feminists all over social media championing causes that benefit men. #YesAllWomen #HeForShe,Feminist Movement,"FOR: We can infer from the tweet that the tweeter supports the target (e.g., directly or indirectly by supporting someone/something, by opposing or criticizing someone/something opposed to the target, or by echoing the stance of somebody else).",1,1
"U can be a #feminist w/o bein a bitch, u can also embrace ur sexuality w/o having loose morals #EmpowerAllBodies #empoweringwomen",Feminist Movement,"FOR: We can infer from the tweet that the tweeter supports the target (e.g., directly or indirectly by supporting someone/something, by opposing or criticizing someone/something opposed to the target, or by echoing the stance of somebody else).",1,1
Pope Francis: Christians should support equal pay for equal work #popefrancis #worldnews #society #women,Feminist Movement,"FOR: We can infer from the tweet that the tweeter supports the target (e.g., directly or indirectly by supporting someone/something, by opposing or criticizing someone/something opposed to the target, or by echoing the stance of somebody else).",1,1
YOU'RE A GIRL AND HAVE A SEX DRIVE!? YOU MUST BE A SLUT! #feminist,Feminist Movement,"FOR: We can infer from the tweet that the tweeter supports the target (e.g., directly or indirectly by supporting someone/something, by opposing or criticizing someone/something opposed to the target, or by echoing the stance of somebody else).",1,1
What a wonderful interview with @blakelively in @StylistMagazine. Very refreshing feminist views,Feminist Movement,"FOR: We can infer from the tweet that the tweeter supports the target (e.g., directly or indirectly by supporting someone/something, by opposing or criticizing someone/something opposed to the target, or by echoing the stance of somebody else).",1,1
I believe that every women should have their own rights!!,Feminist Movement,"FOR: We can infer from the tweet that the tweeter supports the target (e.g., directly or indirectly by supporting someone/something, by opposing or criticizing someone/something opposed to the target, or by echoing the stance of somebody else).",1,1
the fact that people think women need to be appealing and attractive to be heard/seen as equal is why we need feminism,Feminist Movement,"FOR: We can infer from the tweet that the tweeter supports the target (e.g., directly or indirectly by supporting someone/something, by opposing or criticizing someone/something opposed to the target, or by echoing the stance of somebody else).",1,1
@Daily_Feminism -- give us a follow back.   #feminist,Feminist Movement,"FOR: We can infer from the tweet that the tweeter supports the target (e.g., directly or indirectly by supporting someone/something, by opposing or criticizing someone/something opposed to the target, or by echoing the stance of somebody else).",1,1
Women's rights are #humanrights! Join the #CPDvoices twitter rally at 3pm ET if you agree! #CPD48,Feminist Movement,"FOR: We can infer from the tweet that the tweeter supports the target (e.g., directly or indirectly by supporting someone/something, by opposing or criticizing someone/something opposed to the target, or by echoing the stance of somebody else).",1,1
I NEED FEMINISM BECAUSE- A man in a room full of women is ecstatic. A woman in a room full of men is terrified.,Feminist Movement,"FOR: We can infer from the tweet that the tweeter supports the target (e.g., directly or indirectly by supporting someone/something, by opposing or criticizing someone/something opposed to the target, or by echoing the stance of somebody else).",1,1
you know what's ugly? can't going out with a short skirt without being judged,Feminist Movement,"FOR: We can infer from the tweet that the tweeter supports the target (e.g., directly or indirectly by supporting someone/something, by opposing or criticizing someone/something opposed to the target, or by echoing the stance of somebody else).",1,1
to the people (male and female- the females always upset me more) who told me I couldn't achieve or do what a boy/man can.,Feminist Movement,"FOR: We can infer from the tweet that the tweeter supports the target (e.g., directly or indirectly by supporting someone/something, by opposing or criticizing someone/something opposed to the target, or by echoing the stance of somebody else).",1,1
It doesnt take a miracle all takes signature and a few kind people to know not to kill innocent a women #MaryJaneLives,Feminist Movement,"FOR: We can infer from the tweet that the tweeter supports the target (e.g., directly or indirectly by supporting someone/something, by opposing or criticizing someone/something opposed to the target, or by echoing the stance of somebody else).",1,1
Why is Paul Elam not one of the most hated men alive right now!? #feminist,Feminist Movement,"FOR: We can infer from the tweet that the tweeter supports the target (e.g., directly or indirectly by supporting someone/something, by opposing or criticizing someone/something opposed to the target, or by echoing the stance of somebody else).",1,1
@lucyblakeman12 You need feminism more than you need anything else in your life. You couldn't survive or speak w/o it.,Feminist Movement,"FOR: We can infer from the tweet that the tweeter supports the target (e.g., directly or indirectly by supporting someone/something, by opposing or criticizing someone/something opposed to the target, or by echoing the stance of somebody else).",1,1
I don't understand how the concept of a male being a feminist doesn't get in some peoples heads. Equality? Anyone? #feminist,Feminist Movement,"FOR: We can infer from the tweet that the tweeter supports the target (e.g., directly or indirectly by supporting someone/something, by opposing or criticizing someone/something opposed to the target, or by echoing the stance of somebody else).",1,1
A woman is not a sex object. She's a person. #truth #wisdom #womensrights #media #life #humanity #love #society,Feminist Movement,"FOR: We can infer from the tweet that the tweeter supports the target (e.g., directly or indirectly by supporting someone/something, by opposing or criticizing someone/something opposed to the target, or by echoing the stance of somebody else).",1,1
I guess wanting and trying to make this world a better place for everyone makes me ugly. #feminist,Feminist Movement,"FOR: We can infer from the tweet that the tweeter supports the target (e.g., directly or indirectly by supporting someone/something, by opposing or criticizing someone/something opposed to the target, or by echoing the stance of somebody else).",1,1
No. Feminists are not ugly. The fact that there isn't equal rights for both men and women is. #FeministsAreBeautiful,Feminist Movement,"FOR: We can infer from the tweet that the tweeter supports the target (e.g., directly or indirectly by supporting someone/something, by opposing or criticizing someone/something opposed to the target, or by echoing the stance of somebody else).",1,1
Suns out....  Dresses out...  #StreetHarassment out...  This shouldn't be daily life  #YesAllWomen @EverydaySexism,Feminist Movement,"FOR: We can infer from the tweet that the tweeter supports the target (e.g., directly or indirectly by supporting someone/something, by opposing or criticizing someone/something opposed to the target, or by echoing the stance of somebody else).",1,1
Lol what's so ugly about wanting to be equal?,Feminist Movement,"FOR: We can infer from the tweet that the tweeter supports the target (e.g., directly or indirectly by supporting someone/something, by opposing or criticizing someone/something opposed to the target, or by echoing the stance of somebody else).",1,1
All I'm doing is reading GG tweets and getting angrier. Fuuuuuuuuuuuck men are privileged.  Time for bed. #FeminismIsAwfullyGreat,Feminist Movement,"FOR: We can infer from the tweet that the tweeter supports the target (e.g., directly or indirectly by supporting someone/something, by opposing or criticizing someone/something opposed to the target, or by echoing the stance of somebody else).",1,1
RT @WeAreFemstrong: Wonder what it'd be like to wear a dress and NOT be sexually harassed for it.  #YesAllWomen,Feminist Movement,"FOR: We can infer from the tweet that the tweeter supports the target (e.g., directly or indirectly by supporting someone/something, by opposing or criticizing someone/something opposed to the target, or by echoing the stance of somebody else).",1,1
"Women are strong, women are smart, women are bold. #FeministsAreBeautifulisalovemovement",Feminist Movement,"FOR: We can infer from the tweet that the tweeter supports the target (e.g., directly or indirectly by supporting someone/something, by opposing or criticizing someone/something opposed to the target, or by echoing the stance of somebody else).",1,1
"@draumkunta also, sorry I'm too busy being a gorgeous feminist to give a shit about your beauty standards",Feminist Movement,"FOR: We can infer from the tweet that the tweeter supports the target (e.g., directly or indirectly by supporting someone/something, by opposing or criticizing someone/something opposed to the target, or by echoing the stance of somebody else).",1,1
"This always infuriates me. If I was male would I be asked these questions? would I be stereotyped as a 'bitch', 'cold hearted' or",Feminist Movement,"FOR: We can infer from the tweet that the tweeter supports the target (e.g., directly or indirectly by supporting someone/something, by opposing or criticizing someone/something opposed to the target, or by echoing the stance of somebody else).",1,1
Umrao Jaan Ada- a story of not just a life or prostitute but of poise and poesy.  #WOMANPOWER,Feminist Movement,"FOR: We can infer from the tweet that the tweeter supports the target (e.g., directly or indirectly by supporting someone/something, by opposing or criticizing someone/something opposed to the target, or by echoing the stance of somebody else).",1,1
I won't complain about equal rep of girls in gaming. Princess Peach & Zelda are kick-ass women. Samus is a beast. Hello! #gaming,Feminist Movement,"FOR: We can infer from the tweet that the tweeter supports the target (e.g., directly or indirectly by supporting someone/something, by opposing or criticizing someone/something opposed to the target, or by echoing the stance of somebody else).",1,1
I wonder when my feminism top is gonna arrive.. I need a bit of happiness with the stress of studying #collegelife,Feminist Movement,"FOR: We can infer from the tweet that the tweeter supports the target (e.g., directly or indirectly by supporting someone/something, by opposing or criticizing someone/something opposed to the target, or by echoing the stance of somebody else).",1,1
Let's fight for Women's Equality!! Read the blog below and join the cause for woman's rights and gender equality for all!!,Feminist Movement,"FOR: We can infer from the tweet that the tweeter supports the target (e.g., directly or indirectly by supporting someone/something, by opposing or criticizing someone/something opposed to the target, or by echoing the stance of somebody else).",1,1
"#WeNeedFeminism because #NoMeansNo it doesnt mean yes, it doesnt mean try harder!  #YesAllWomen @yesallwomen #RT",Feminist Movement,"FOR: We can infer from the tweet that the tweeter supports the target (e.g., directly or indirectly by supporting someone/something, by opposing or criticizing someone/something opposed to the target, or by echoing the stance of somebody else).",1,1
the time for gender equality is NOW!,Feminist Movement,"FOR: We can infer from the tweet that the tweeter supports the target (e.g., directly or indirectly by supporting someone/something, by opposing or criticizing someone/something opposed to the target, or by echoing the stance of somebody else).",1,1
I wonder what would happen if riots started breaking out across the globe because of how poorly women are treated by some men.,Feminist Movement,"FOR: We can infer from the tweet that the tweeter supports the target (e.g., directly or indirectly by supporting someone/something, by opposing or criticizing someone/something opposed to the target, or by echoing the stance of somebody else).",1,1
Wonder what it'd be like to wear a dress and NOT be sexually harassed for it.  #YesAllWomen,Feminist Movement,"FOR: We can infer from the tweet that the tweeter supports the target (e.g., directly or indirectly by supporting someone/something, by opposing or criticizing someone/something opposed to the target, or by echoing the stance of somebody else).",1,1
FINALLY A WOMEN RUNNING FOR PRESIDENT,Feminist Movement,"FOR: We can infer from the tweet that the tweeter supports the target (e.g., directly or indirectly by supporting someone/something, by opposing or criticizing someone/something opposed to the target, or by echoing the stance of somebody else).",1,1
Women in Hollywood are still getting paid less. It is 2015.,Feminist Movement,"FOR: We can infer from the tweet that the tweeter supports the target (e.g., directly or indirectly by supporting someone/something, by opposing or criticizing someone/something opposed to the target, or by echoing the stance of somebody else).",1,1
@foxtrotjames I can kind of see myself doing what she's doing #Femalepower #yolo,Feminist Movement,"FOR: We can infer from the tweet that the tweeter supports the target (e.g., directly or indirectly by supporting someone/something, by opposing or criticizing someone/something opposed to the target, or by echoing the stance of somebody else).",1,1
hey @JCDFitness stop teiggering me with ur man gap on the bus i will fight the patriarchy until ur in jail. ty #Equality2015,Feminist Movement,"FOR: We can infer from the tweet that the tweeter supports the target (e.g., directly or indirectly by supporting someone/something, by opposing or criticizing someone/something opposed to the target, or by echoing the stance of somebody else).",1,1
You know you're in a patriarchy when women are the ones who are blamed for prostitution #whatisjustice #inequality,Feminist Movement,"FOR: We can infer from the tweet that the tweeter supports the target (e.g., directly or indirectly by supporting someone/something, by opposing or criticizing someone/something opposed to the target, or by echoing the stance of somebody else).",1,1
"@optimist216 What a load of crap. Dressing appropriately for the office is ""sexist""? Grow up. #YesAllWomen",Feminist Movement,"FOR: We can infer from the tweet that the tweeter supports the target (e.g., directly or indirectly by supporting someone/something, by opposing or criticizing someone/something opposed to the target, or by echoing the stance of somebody else).",1,1
I am a feminist.I've been a female for a long time now.It'd be stupid not to be on my own side-Maya Angelou-#feminist #humanist,Feminist Movement,"FOR: We can infer from the tweet that the tweeter supports the target (e.g., directly or indirectly by supporting someone/something, by opposing or criticizing someone/something opposed to the target, or by echoing the stance of somebody else).",1,1
"Well maybe if more men learned to take ""no"" as an answer, women wouldn't have to say as much #fnm231",Feminist Movement,"FOR: We can infer from the tweet that the tweeter supports the target (e.g., directly or indirectly by supporting someone/something, by opposing or criticizing someone/something opposed to the target, or by echoing the stance of somebody else).",1,1
If feminists are ugly then what are the people calling them ugly must be vile,Feminist Movement,"FOR: We can infer from the tweet that the tweeter supports the target (e.g., directly or indirectly by supporting someone/something, by opposing or criticizing someone/something opposed to the target, or by echoing the stance of somebody else).",1,1
"If you want to empower women, you need to disempower the warlords! Zahara Langhi from Libya #WILPF100 #wsw2015 #ikff #peace #war",Feminist Movement,"FOR: We can infer from the tweet that the tweeter supports the target (e.g., directly or indirectly by supporting someone/something, by opposing or criticizing someone/something opposed to the target, or by echoing the stance of somebody else).",1,1
#WeNeedFeminism because #YesAllWomen simply do not get the same level of respect that I get as a man. #HeForShe,Feminist Movement,"FOR: We can infer from the tweet that the tweeter supports the target (e.g., directly or indirectly by supporting someone/something, by opposing or criticizing someone/something opposed to the target, or by echoing the stance of somebody else).",1,1
How can you be female and not be a feminist? Like do you not care about your rights as a women or what?,Feminist Movement,"FOR: We can infer from the tweet that the tweeter supports the target (e.g., directly or indirectly by supporting someone/something, by opposing or criticizing someone/something opposed to the target, or by echoing the stance of somebody else).",1,1
Thought that goes through my mind on a regular basis: would you have said that to me if I was a man?,Feminist Movement,"FOR: We can infer from the tweet that the tweeter supports the target (e.g., directly or indirectly by supporting someone/something, by opposing or criticizing someone/something opposed to the target, or by echoing the stance of somebody else).",1,1
Feminism is not just about women; it's about letting all people lead fuller lives ~ @JaneFonda #life,Feminist Movement,"FOR: We can infer from the tweet that the tweeter supports the target (e.g., directly or indirectly by supporting someone/something, by opposing or criticizing someone/something opposed to the target, or by echoing the stance of somebody else).",1,1
What is wrong with you people. Women with self respect should be coveted. Or have we been listening to too much Rush?,Feminist Movement,"FOR: We can infer from the tweet that the tweeter supports the target (e.g., directly or indirectly by supporting someone/something, by opposing or criticizing someone/something opposed to the target, or by echoing the stance of somebody else).",1,1
I am obsessed with becoming a woman comfortable in her skin.  Sandra Cisneros #latinx #woc,Feminist Movement,"FOR: We can infer from the tweet that the tweeter supports the target (e.g., directly or indirectly by supporting someone/something, by opposing or criticizing someone/something opposed to the target, or by echoing the stance of somebody else).",1,1
Thanks to the work of people like @everydaysexism they are not only helping women but helping the whole of society,Feminist Movement,"FOR: We can infer from the tweet that the tweeter supports the target (e.g., directly or indirectly by supporting someone/something, by opposing or criticizing someone/something opposed to the target, or by echoing the stance of somebody else).",1,1
Watching #missrepresentation .. We must change our world. #womenrule #change #beauty,Feminist Movement,"FOR: We can infer from the tweet that the tweeter supports the target (e.g., directly or indirectly by supporting someone/something, by opposing or criticizing someone/something opposed to the target, or by echoing the stance of somebody else).",1,1
so i guess the new definition of ugly is believing in equal rights... LET ME BE UGLY THEN,Feminist Movement,"FOR: We can infer from the tweet that the tweeter supports the target (e.g., directly or indirectly by supporting someone/something, by opposing or criticizing someone/something opposed to the target, or by echoing the stance of somebody else).",1,1
RT @WeNeedFeminism: 'BAD BITCH' is not a compliment,Feminist Movement,"FOR: We can infer from the tweet that the tweeter supports the target (e.g., directly or indirectly by supporting someone/something, by opposing or criticizing someone/something opposed to the target, or by echoing the stance of somebody else).",1,1
"So, I'm following @rgay's lead & embracing the term #badfeminist. I'm too far from perfect and still learning.",Feminist Movement,"FOR: We can infer from the tweet that the tweeter supports the target (e.g., directly or indirectly by supporting someone/something, by opposing or criticizing someone/something opposed to the target, or by echoing the stance of somebody else).",1,1
"For Us, By Us: These Apps Are What Happens When Girls #HackForGirlsRights via @autostraddle #girlsintechht.../buff.ly/1HHhM18",Feminist Movement,"FOR: We can infer from the tweet that the tweeter supports the target (e.g., directly or indirectly by supporting someone/something, by opposing or criticizing someone/something opposed to the target, or by echoing the stance of somebody else).",1,1
RT @WeNeedFeminism: I don't want to choose between having a family or having a career,Feminist Movement,"FOR: We can infer from the tweet that the tweeter supports the target (e.g., directly or indirectly by supporting someone/something, by opposing or criticizing someone/something opposed to the target, or by echoing the stance of somebody else).",1,1
